queue_id,restaurant_id,restaurant_name,website_url,source_url,reason,priority,details,created_at
99d39cc8-8895-4e7f-96b2-2b1c78f37dbc,f71eea60-e18e-5e1d-a002-43bd9bee4237,The 5 Point Cafe,http://www.the5pointcafe.com/,http://www.the5pointcafe.com/,menu_not_found_or_not_parsed,2,"{""candidates"": [""http://www.the5pointcafe.com/menu"", ""http://www.the5pointcafe.com/menus"", ""http://www.the5pointcafe.com/food-menu"", ""http://www.the5pointcafe.com/restaurant-menu"", ""http://www.the5pointcafe.com/order-online"", ""http://www.the5pointcafe.com/online-ordering"", ""http://www.the5pointcafe.com/takeout""], ""restaurant_name"": ""The 5 Point Cafe""}",2026-06-15 03:09:11.278919+00:00
37b9d0d3-8ae9-44e6-bbec-47d84791e271,0ef8bc68-3712-5a81-af91-3d2e85526959,Sharps RoastHouse,https://www.sharpsroasthouse.com/?utm_source=gmb&utm_medium=organic,https://www.sharpsroasthouse.com/?utm_source=gmb&utm_medium=organic,menu_not_found_or_not_parsed,2,"{""candidates"": [""https://www.sharpsroasthouse.com/menu"", ""https://www.sharpsroasthouse.com/menus"", ""https://www.sharpsroasthouse.com/food-menu"", ""https://www.sharpsroasthouse.com/restaurant-menu"", ""https://www.sharpsroasthouse.com/order-online"", ""https://www.sharpsroasthouse.com/online-ordering"", ""https://www.sharpsroasthouse.com/takeout""], ""restaurant_name"": ""Sharps RoastHouse""}",2026-06-15 03:14:42.449034+00:00
8f5d52b9-d830-4f05-b56c-aacb7a1c65c8,acc758d1-08cd-534d-b933-3d2d3063ef07,13 Coins SeaTac,https://www.13coins.com/,https://www.13coins.com/,menu_not_found_or_not_parsed,2,"{""candidates"": [""https://www.13coins.com/menu"", ""https://www.13coins.com/menus"", ""https://www.13coins.com/food-menu"", ""https://www.13coins.com/restaurant-menu"", ""https://www.13coins.com/order-online"", ""https://www.13coins.com/online-ordering"", ""https://www.13coins.com/takeout""], ""restaurant_name"": ""13 Coins SeaTac""}",2026-06-15 03:17:23.763812+00:00
e7486e04-e3bc-4b5c-bb9c-d0e206e6f2a2,5908cd0b-3144-57d3-a190-5f2dd91928a2,The Pink Door,https://www.thepinkdoor.net/,https://www.thepinkdoor.net/,menu_not_found_or_not_parsed,2,"{""candidates"": [""https://www.thepinkdoor.net/menus"", ""https://www.thepinkdoor.net/menu"", ""https://www.thepinkdoor.net/food-menu"", ""https://www.thepinkdoor.net/restaurant-menu"", ""https://www.thepinkdoor.net/order-online"", ""https://www.thepinkdoor.net/online-ordering"", ""https://www.thepinkdoor.net/takeout""], ""restaurant_name"": ""The Pink Door""}",2026-06-15 03:17:40.866651+00:00
56b0534a-fda1-4e31-9f67-c1db8dbd70de,ced2ffcc-df00-5e7e-895e-457bff24f261,Elliott's Oyster House,http://elliottsoysterhouse.com/,http://elliottsoysterhouse.com/,menu_not_found_or_not_parsed,2,"{""candidates"": [""http://elliottsoysterhouse.com/menu"", ""http://elliottsoysterhouse.com/menus"", ""http://elliottsoysterhouse.com/food-menu"", ""http://elliottsoysterhouse.com/restaurant-menu"", ""http://elliottsoysterhouse.com/order-online"", ""http://elliottsoysterhouse.com/online-ordering"", ""http://elliottsoysterhouse.com/takeout""], ""restaurant_name"": ""Elliott's Oyster House""}",2026-06-15 03:18:51.460359+00:00
79a1beea-4507-487d-a152-2027a6c6375b,a99f19a7-25bf-5513-9399-b80755d7b2ca,Starbucks Coffee Company,https://www.starbucks.com/store-locator/store/11676/,https://www.starbucks.com/store-locator/store/11676/,menu_not_found_or_not_parsed,2,"{""candidates"": [""https://www.starbucks.com/menu"", ""https://www.starbucks.com/menus"", ""https://www.starbucks.com/food-menu"", ""https://www.starbucks.com/restaurant-menu"", ""https://www.starbucks.com/order-online"", ""https://www.starbucks.com/online-ordering"", ""https://www.starbucks.com/takeout""], ""restaurant_name"": ""Starbucks Coffee Company""}",2026-06-15 03:25:30.951840+00:00
1dcd24ab-d577-4432-931a-dc3d2ca19dc0,c9b1af04-ed8a-55fa-ac64-406294dc90a1,Chick-fil-A,https://www.chick-fil-a.com/locations/wa/northeast-8th-street?utm_source=google&utm_medium=gmb,https://www.chick-fil-a.com/locations/wa/northeast-8th-street?utm_source=google&utm_medium=gmb,menu_not_found_or_not_parsed,2,"{""candidates"": [""https://order.chick-fil-a.com/load-dot-com?myRewards=true"", ""http://order.chick-fil-a.com/load-dot-com?myAccount=true"", ""https://www.chick-fil-a.com/menu/breakfast"", ""https://www.chick-fil-a.com/menu/entrees"", ""https://www.chick-fil-a.com/menu/salads"", ""https://www.chick-fil-a.com/menu/sides"", ""https://www.chick-fil-a.com/menu/kidsmeals"", ""https://www.chick-fil-a.com/menu/family-style-meals""], ""restaurant_name"": ""Chick-fil-A""}",2026-06-15 03:26:16.432992+00:00
13d6c181-f7f9-4df4-8045-9f2cfc90be02,9b0446ab-7240-594f-a8e6-f621674d9878,Yard House,https://www.yardhouse.com/locations/wa/seattle/seattle-4th-and-pike/8343?cmpid=br:yh_ag:ie_ch:loc_ca:YHGMB_sn:gmb_gt:seattle-wa-8343_pl:locurl_rd:1041,https://www.yardhouse.com/locations/wa/seattle/seattle-4th-and-pike/8343?cmpid=br:yh_ag:ie_ch:loc_ca:YHGMB_sn:gmb_gt:seattle-wa-8343_pl:locurl_rd:1041,menu_not_found_or_not_parsed,2,"{""candidates"": [""https://www.yardhouse.com/menu"", ""https://www.yardhouse.com/menus"", ""https://www.yardhouse.com/food-menu"", ""https://www.yardhouse.com/restaurant-menu"", ""https://www.yardhouse.com/order-online"", ""https://www.yardhouse.com/online-ordering"", ""https://www.yardhouse.com/takeout""], ""restaurant_name"": ""Yard House""}",2026-06-15 03:31:44.094120+00:00
ec588cd8-a3aa-41b7-83df-121ad106ddc8,27fe555e-038d-54a6-b67b-2870167e814e,Dave & Buster's Auburn - King,https://www.daveandbusters.com/us/en/about/locations/auburn,https://www.daveandbusters.com/us/en/about/locations/auburn,menu_not_found_or_not_parsed,2,"{""candidates"": [""https://www.daveandbusters.com/us/en/eat-and-drink/order-online"", ""https://www.doordash.com/business/Dave-Buster-s-165371/?CX_US_SE_SU_BI_ACQ_CUSXXX_415220572_RSTRNT_%2BNB_ACQ_RESTR_IMMERCHANTXXX_EVG_CPAx_EPX_COUSA_EN_EN_X_DOOR_BN_SE_TXT_DXXXXXXXXX&&&utm_source=Bing&utm_medium=SEMu&utm_campaign=CX_US_SE_SU_BI_ACQ_CUSXXX_415220572_RSTRNT_%2BNB_ACQ_RESTR_IMMERCHANTXXX_EVG_CPAx_EPX_COUSA_EN_EN_X_DOOR_BN_SE_TXT_DXXXXXXXXX&utm_term=order%20dave%20%26%20buster%27s&utm_content=1216060330483096&kclickid=_k__k_&utm_adgroup_id=1216060330483096&utm_creative_id=&utm_keyword_id=kwd-76004120190083:loc-190&msclkid=fab6da664f691c4877cbb9e0396f6bba&gclid=fab6da664f691c4877cbb9e0396f6bba&gclsrc=3p.ds.html"", ""https://www.daveandbusters.com/menu"", ""https://www.daveandbusters.com/menus"", ""https://www.daveandbusters.com/food-menu"", ""https://www.daveandbusters.com/restaurant-menu"", ""https://www.daveandbusters.com/order-online"", ""https://www.daveandbusters.com/online-ordering""], ""restaurant_name"": ""Dave & Buster's Auburn - King""}",2026-06-15 03:33:02.674695+00:00
1ba68cac-5df7-4f8a-8ec4-f7ecc28f6f9b,6b2097e8-552d-5d2b-aa8f-813ab2e0c2ae,Salty's on Alki Beach,http://saltys.com/seattle,http://saltys.com/seattle,menu_not_found_or_not_parsed,2,"{""candidates"": [""https://saltys.com/seattle/"", ""http://saltys.com/menu"", ""http://saltys.com/menus"", ""http://saltys.com/food-menu"", ""http://saltys.com/restaurant-menu"", ""http://saltys.com/order-online"", ""http://saltys.com/online-ordering"", ""http://saltys.com/takeout""], ""restaurant_name"": ""Salty's on Alki Beach""}",2026-06-15 03:33:32.168700+00:00
a146d5aa-8e32-40e6-a4c8-0e38a882c35b,2f71edb7-9266-5923-9696-051e0fd815b5,Chick-fil-A,https://www.chick-fil-a.com/locations/wa/i-5-alderwood?utm_source=google&utm_medium=gmb,https://www.chick-fil-a.com/locations/wa/i-5-alderwood?utm_source=google&utm_medium=gmb,menu_not_found_or_not_parsed,2,"{""candidates"": [""https://order.chick-fil-a.com/load-dot-com?myRewards=true"", ""http://order.chick-fil-a.com/load-dot-com?myAccount=true"", ""https://www.chick-fil-a.com/menu/breakfast"", ""https://www.chick-fil-a.com/menu/entrees"", ""https://www.chick-fil-a.com/menu/salads"", ""https://www.chick-fil-a.com/menu/sides"", ""https://www.chick-fil-a.com/menu/kidsmeals"", ""https://www.chick-fil-a.com/menu/family-style-meals""], ""restaurant_name"": ""Chick-fil-A""}",2026-06-15 03:34:24.467547+00:00
75c99426-3587-4043-ab28-060af18b07d0,688896b4-d1c3-5894-bf44-750195ecd597,Feast Buffet,http://www.feastbuffetrenton.com/,http://www.feastbuffetrenton.com/,menu_not_found_or_not_parsed,2,"{""candidates"": [""http://www.feastbuffetrenton.com/menu"", ""http://www.feastbuffetrenton.com/menus"", ""http://www.feastbuffetrenton.com/food-menu"", ""http://www.feastbuffetrenton.com/restaurant-menu"", ""http://www.feastbuffetrenton.com/order-online"", ""http://www.feastbuffetrenton.com/online-ordering"", ""http://www.feastbuffetrenton.com/takeout""], ""restaurant_name"": ""Feast Buffet""}",2026-06-15 03:34:58.047694+00:00
c46e76c7-d21b-47e8-9264-2564b7dd279f,1fed3f44-afee-50cc-ab73-2bc73adecca9,Chick-fil-A,https://www.chick-fil-a.com/locations/wa/38th-steele?utm_source=google&utm_medium=gmb,https://www.chick-fil-a.com/locations/wa/38th-steele?utm_source=google&utm_medium=gmb,menu_not_found_or_not_parsed,2,"{""candidates"": [""https://order.chick-fil-a.com/load-dot-com?myRewards=true"", ""http://order.chick-fil-a.com/load-dot-com?myAccount=true"", ""https://www.chick-fil-a.com/menu/breakfast"", ""https://www.chick-fil-a.com/menu/entrees"", ""https://www.chick-fil-a.com/menu/salads"", ""https://www.chick-fil-a.com/menu/sides"", ""https://www.chick-fil-a.com/menu/kidsmeals"", ""https://www.chick-fil-a.com/menu/family-style-meals""], ""restaurant_name"": ""Chick-fil-A""}",2026-06-15 03:36:24.173668+00:00
0ffc9915-b764-424a-8781-6a93d41b2224,b750ee07-89b9-59d3-b173-de4dfda0786a,Din Tai Fung,https://dtf.com/en/locations/seattle-pacific-place,https://dtf.com/en/locations/seattle-pacific-place,menu_not_found_or_not_parsed,2,"{""candidates"": [""https://dtf.com/en-us/menu"", ""https://order.dtf.com/menu/din-tai-fung-pp?_gl=1*bngn4v*_gcl_au*MTczNDg5NzQ0NS4xNzIxMTM4NzUx"", ""https://www.order.store/store/Din%20Tai%20Fung%20(Pacific%20Place)/5HIhoEW8QymFLtjy4afmow"", ""https://dtf.com/en-us/menu/cucumber-salad"", ""https://dtf.com/en-us/menu/chicken-dumplings"", ""https://dtf.com/en-us/menu/kurobuta-pork-xiao-long-bao"", ""https://dtf.com/menu"", ""https://dtf.com/menus""], ""restaurant_name"": ""Din Tai Fung""}",2026-06-15 03:36:50.274736+00:00
b7426f2d-bf07-4972-a4c3-63815677a48b,ad701eb0-4fea-588f-bf84-ac651781a5a7,The Cheesecake Factory,https://locations.thecheesecakefactory.com/wa/tukwila-131.html?utm_source=Google&utm_medium=Maps&utm_campaign=Google+Places,https://locations.thecheesecakefactory.com/wa/tukwila-131.html?utm_source=Google&utm_medium=Maps&utm_campaign=Google+Places,menu_not_found_or_not_parsed,2,"{""candidates"": [""https://www.thecheesecakefactory.com/menu"", ""https://www.thecheesecakefactory.com/order/my-bag"", ""https://www.thecheesecakefactory.com/order"", ""https://www.thecheesecakefactory.com/locations/tukwila-wa/menu/"", ""https://menu.thecheesecakefactory.com/wa/tukwila-131/?utm_source=LCTN&utm_medium=CCFWEB&utm_content=MENU&utm_campaign=CCFWEB_LCTN_MENU/"", ""https://menu.thecheesecakefactory.com/wa/tukwila-131/happy-hour/?utm_source=LCTN&utm_medium=CCFWEB&utm_content=MENU&utm_campaign=CCFWEB_LCTN_MENU/"", ""https://locations.thecheesecakefactory.com/menu"", ""https://locations.thecheesecakefactory.com/menus""], ""restaurant_name"": ""The Cheesecake Factory""}",2026-06-15 03:39:25.632602+00:00
0f5e0838-3b72-45db-99f6-2a23a095a470,7a3814ac-7a3d-549d-8a66-7ab59b3a3381,Old Stove Brewing Co — Pike Place,http://www.oldstove.com/,http://www.oldstove.com/,menu_not_found_or_not_parsed,2,"{""candidates"": [""http://www.oldstove.com/menu"", ""http://www.oldstove.com/menus"", ""http://www.oldstove.com/food-menu"", ""http://www.oldstove.com/restaurant-menu"", ""http://www.oldstove.com/order-online"", ""http://www.oldstove.com/online-ordering"", ""http://www.oldstove.com/takeout""], ""restaurant_name"": ""Old Stove Brewing Co — Pike Place""}",2026-06-15 03:41:27.104837+00:00
c4c65fd9-a908-45c7-92f4-8863de165088,98c08bc0-1e50-55c0-aefc-1d049511c338,The Cheesecake Factory,https://locations.thecheesecakefactory.com/wa/bellevue-47.html?utm_source=Google&utm_medium=Maps&utm_campaign=Google+Places,https://locations.thecheesecakefactory.com/wa/bellevue-47.html?utm_source=Google&utm_medium=Maps&utm_campaign=Google+Places,menu_not_found_or_not_parsed,2,"{""candidates"": [""https://www.thecheesecakefactory.com/menu"", ""https://www.thecheesecakefactory.com/order/my-bag"", ""https://www.thecheesecakefactory.com/order"", ""https://www.thecheesecakefactory.com/locations/bellevue-wa/menu/"", ""https://menu.thecheesecakefactory.com/wa/bellevue-47/?utm_source=LCTN&utm_medium=CCFWEB&utm_content=MENU&utm_campaign=CCFWEB_LCTN_MENU/"", ""https://menu.thecheesecakefactory.com/wa/bellevue-47/happy-hour/?utm_source=LCTN&utm_medium=CCFWEB&utm_content=MENU&utm_campaign=CCFWEB_LCTN_MENU/"", ""https://locations.thecheesecakefactory.com/menu"", ""https://locations.thecheesecakefactory.com/menus""], ""restaurant_name"": ""The Cheesecake Factory""}",2026-06-15 03:44:06.092797+00:00
804689b8-3851-4f3e-a41f-fd88dbbfce4a,45a2c68f-01de-5588-abfc-df8cc7bb03d1,The Cheesecake Factory,https://locations.thecheesecakefactory.com/wa/tacoma-199.html?utm_source=Google&utm_medium=Maps&utm_campaign=Google+Places,https://locations.thecheesecakefactory.com/wa/tacoma-199.html?utm_source=Google&utm_medium=Maps&utm_campaign=Google+Places,menu_not_found_or_not_parsed,2,"{""candidates"": [""https://www.thecheesecakefactory.com/menu"", ""https://www.thecheesecakefactory.com/order/my-bag"", ""https://www.thecheesecakefactory.com/order"", ""https://www.thecheesecakefactory.com/locations/tacoma-wa/menu/"", ""https://menu.thecheesecakefactory.com/wa/tacoma-199/?utm_source=LCTN&utm_medium=CCFWEB&utm_content=MENU&utm_campaign=CCFWEB_LCTN_MENU/"", ""https://menu.thecheesecakefactory.com/wa/tacoma-199/happy-hour/?utm_source=LCTN&utm_medium=CCFWEB&utm_content=MENU&utm_campaign=CCFWEB_LCTN_MENU/"", ""https://locations.thecheesecakefactory.com/menu"", ""https://locations.thecheesecakefactory.com/menus""], ""restaurant_name"": ""The Cheesecake Factory""}",2026-06-15 03:46:41.744545+00:00
fa4d8bb2-8898-4b32-bb0b-292b34b3e517,a3ba844c-fe9f-5369-b1d5-575fcc4c173a,Olive Garden Italian Restaurant,https://www.olivegarden.com/locations/wa/tacoma/tacoma/1138?cmpid=br:og_ag:ie_ch:loc_ca:OGGMB_sn:gmb_gt:tacoma-wa-1138_pl:locurl_rd:1092,https://www.olivegarden.com/locations/wa/tacoma/tacoma/1138?cmpid=br:og_ag:ie_ch:loc_ca:OGGMB_sn:gmb_gt:tacoma-wa-1138_pl:locurl_rd:1092,menu_not_found_or_not_parsed,2,"{""candidates"": [""https://www.olivegarden.com/menu"", ""https://www.olivegarden.com/menus"", ""https://www.olivegarden.com/food-menu"", ""https://www.olivegarden.com/restaurant-menu"", ""https://www.olivegarden.com/order-online"", ""https://www.olivegarden.com/online-ordering"", ""https://www.olivegarden.com/takeout""], ""restaurant_name"": ""Olive Garden Italian Restaurant""}",2026-06-15 03:54:04.415584+00:00
376d36af-f5ab-454d-884e-4c56d1238c33,b55d617f-9e71-56bd-a26f-f91c784b9b6a,Kanishka Cuisine of India,http://kanishkaredmond.com/,http://kanishkaredmond.com/,menu_not_found_or_not_parsed,2,"{""candidates"": [""https://www.kanishkaredmond.com/s/order"", ""https://squareup.com/gift/9QJMYRXTH47GS/order"", ""https://www.kanishkaredmond.com/s/order?location=11ee4923e0fd2446a4123cecef6dbae8"", ""http://kanishkaredmond.com/menu"", ""http://kanishkaredmond.com/menus"", ""http://kanishkaredmond.com/food-menu"", ""http://kanishkaredmond.com/restaurant-menu"", ""http://kanishkaredmond.com/order-online""], ""restaurant_name"": ""Kanishka Cuisine of India""}",2026-06-15 03:54:40.690002+00:00
7da4b775-e32e-41f4-8687-a201ead47ca6,65b556b0-8218-56eb-9ac9-4c1dcd1cfc55,Dick's Drive-In,https://ddir.com/,https://ddir.com/,menu_not_found_or_not_parsed,2,"{""candidates"": [""https://ddir.com/menu"", ""https://ddir.com/menus"", ""https://ddir.com/food-menu"", ""https://ddir.com/restaurant-menu"", ""https://ddir.com/order-online"", ""https://ddir.com/online-ordering"", ""https://ddir.com/takeout""], ""restaurant_name"": ""Dick's Drive-In""}",2026-06-15 04:00:56.157775+00:00
ed34a03c-644c-4863-8273-0e32d98d1e34,d136c794-63f7-52f7-9fa0-6651d5f28edd,Olive Garden Italian Restaurant,https://www.olivegarden.com/locations/wa/tukwila/tukwila-southcenter-mall/1584?cmpid=br:og_ag:ie_ch:loc_ca:OGGMB_sn:gmb_gt:tukwila-wa-1584_pl:locurl_rd:1450,https://www.olivegarden.com/locations/wa/tukwila/tukwila-southcenter-mall/1584?cmpid=br:og_ag:ie_ch:loc_ca:OGGMB_sn:gmb_gt:tukwila-wa-1584_pl:locurl_rd:1450,menu_not_found_or_not_parsed,2,"{""candidates"": [""https://www.olivegarden.com/menu"", ""https://www.olivegarden.com/menus"", ""https://www.olivegarden.com/food-menu"", ""https://www.olivegarden.com/restaurant-menu"", ""https://www.olivegarden.com/order-online"", ""https://www.olivegarden.com/online-ordering"", ""https://www.olivegarden.com/takeout""], ""restaurant_name"": ""Olive Garden Italian Restaurant""}",2026-06-15 04:08:18.300992+00:00
4960746a-9304-4662-a63a-4452b735cdf8,f7fe942c-3cb1-5aec-8c69-992e69b3f4a8,Moctezuma's Mexican Restaurant & Tequila Bar,http://www.moctezumas.com/,http://www.moctezumas.com/,menu_not_found_or_not_parsed,2,"{""candidates"": [""https://order.online/business/~305222"", ""https://www.moctezumas.com/tacoma-menu"", ""https://www.moctezumas.com/gig-harbor-menu"", ""https://www.moctezumas.com/southcenter-menu"", ""https://www.moctezumas.com/menus"", ""https://order.online/business/Moctezumas%20Mexican%20Restaurant-305222?utm_source=sdk&visitorId=4a84619ec9774f305c3080"", ""https://order.online/business/Moctezumas%20Mexican%20Restaurant-305222?delivery=true&utm_source=sdk&visitorId=4a84619ec9774f305c3080"", ""https://order.online/business/Moctezumas%20Mexican%20Restaurant-305222?pickup=true&utm_source=sdk&visitorId=4a84619ec9774f305c3080""], ""restaurant_name"": ""Moctezuma's Mexican Restaurant & Tequila Bar""}",2026-06-15 04:11:40.892420+00:00
87cbc16e-12ff-4a73-9fda-37c84c024890,1427ea15-03ca-5494-baa0-884de63679af,Din Tai Fung,https://dtf.com/en-us/locations/bellevue?utm_source=gmb&utm_medium=BV,https://dtf.com/en-us/locations/bellevue?utm_source=gmb&utm_medium=BV,menu_not_found_or_not_parsed,2,"{""candidates"": [""https://dtf.com/en-us/menu"", ""https://order.dtf.com/menu/din-tai-fung-bv?_gl=1*13els8p*_gcl_au*MTczNDg5NzQ0NS4xNzIxMTM4NzUx"", ""https://www.order.store/store/din-tai-fung-bellevue-square/Lq_R9DRcQv6O5fLfP04JIg"", ""https://dtf.com/en-us/menu/cucumber-salad"", ""https://dtf.com/en-us/menu/chicken-dumplings"", ""https://dtf.com/en-us/menu/kurobuta-pork-xiao-long-bao"", ""https://dtf.com/menu"", ""https://dtf.com/menus""], ""restaurant_name"": ""Din Tai Fung""}",2026-06-15 04:14:00.482801+00:00
870b3e35-a92a-4868-b95d-959e5d89426f,1e8b6ad0-1f17-59d4-bdc7-6588016f57bc,Umi Sake House,http://www.umisakehouse.com/,http://www.umisakehouse.com/,menu_not_found_or_not_parsed,2,"{""candidates"": [""http://www.umisakehouse.com/menu"", ""http://www.umisakehouse.com/menus"", ""http://www.umisakehouse.com/food-menu"", ""http://www.umisakehouse.com/restaurant-menu"", ""http://www.umisakehouse.com/order-online"", ""http://www.umisakehouse.com/online-ordering"", ""http://www.umisakehouse.com/takeout""], ""restaurant_name"": ""Umi Sake House""}",2026-06-15 04:15:51.769777+00:00
35348ade-dc8d-413c-93b7-f2e2d669a47a,cc3490f0-0811-564d-bf02-e3cd90ca3cdd,The Cheesecake Factory,https://locations.thecheesecakefactory.com/wa/lynnwood-206.html?utm_source=Google&utm_medium=Maps&utm_campaign=Google+Places,https://locations.thecheesecakefactory.com/wa/lynnwood-206.html?utm_source=Google&utm_medium=Maps&utm_campaign=Google+Places,menu_not_found_or_not_parsed,2,"{""candidates"": [""https://www.thecheesecakefactory.com/menu"", ""https://www.thecheesecakefactory.com/order/my-bag"", ""https://www.thecheesecakefactory.com/order"", ""https://www.thecheesecakefactory.com/locations/lynnwood-wa/menu/"", ""https://menu.thecheesecakefactory.com/wa/lynnwood-206/?utm_source=LCTN&utm_medium=CCFWEB&utm_content=MENU&utm_campaign=CCFWEB_LCTN_MENU/"", ""https://menu.thecheesecakefactory.com/wa/lynnwood-206/happy-hour/?utm_source=LCTN&utm_medium=CCFWEB&utm_content=MENU&utm_campaign=CCFWEB_LCTN_MENU/"", ""https://locations.thecheesecakefactory.com/menu"", ""https://locations.thecheesecakefactory.com/menus""], ""restaurant_name"": ""The Cheesecake Factory""}",2026-06-15 04:18:25.026027+00:00
3ac2214d-5b1f-4e28-8567-3d494bb549e1,6cc6b9a4-8637-5ddf-9974-8daec70ed9b4,McDonald's,https://www.mcdonalds.com/us/en-us/location/WA/TACOMA/10417-PACIFIC-HWY-SW/10388.html?cid=RF:YXT:GMB::Clicks,https://www.mcdonalds.com/us/en-us/location/WA/TACOMA/10417-PACIFIC-HWY-SW/10388.html?cid=RF:YXT:GMB::Clicks,menu_not_found_or_not_parsed,2,"{""candidates"": [""https://www.mcdonalds.com/menu"", ""https://www.mcdonalds.com/menus"", ""https://www.mcdonalds.com/food-menu"", ""https://www.mcdonalds.com/restaurant-menu"", ""https://www.mcdonalds.com/order-online"", ""https://www.mcdonalds.com/online-ordering"", ""https://www.mcdonalds.com/takeout""], ""restaurant_name"": ""McDonald's""}",2026-06-15 04:21:14.755076+00:00
4ad9c4eb-f757-4dda-86af-2f1be7303d1e,dcb90040-5a9b-5241-bff4-0084ecf7e074,Elmer's Restaurant,http://eatatelmers.com/,http://eatatelmers.com/,menu_not_found_or_not_parsed,2,"{""candidates"": [""http://eatatelmers.com/menu"", ""http://eatatelmers.com/menus"", ""http://eatatelmers.com/food-menu"", ""http://eatatelmers.com/restaurant-menu"", ""http://eatatelmers.com/order-online"", ""http://eatatelmers.com/online-ordering"", ""http://eatatelmers.com/takeout""], ""restaurant_name"": ""Elmer's Restaurant""}",2026-06-15 04:22:41.696394+00:00
92fec278-4a3a-4eab-aecd-57f9b134d769,c5364a29-61ee-590f-9978-c076d81bd48d,Moctezuma's Mexican Restaurant,http://www.moctezumas.com/,http://www.moctezumas.com/,menu_not_found_or_not_parsed,2,"{""candidates"": [""https://order.online/business/~305222"", ""https://www.moctezumas.com/tacoma-menu"", ""https://www.moctezumas.com/gig-harbor-menu"", ""https://www.moctezumas.com/southcenter-menu"", ""https://www.moctezumas.com/menus"", ""https://order.online/business/Moctezumas%20Mexican%20Restaurant-305222?utm_source=sdk&visitorId=4a84619ec9847cb790819"", ""https://order.online/business/Moctezumas%20Mexican%20Restaurant-305222?delivery=true&utm_source=sdk&visitorId=4a84619ec9847cb790819"", ""https://order.online/business/Moctezumas%20Mexican%20Restaurant-305222?pickup=true&utm_source=sdk&visitorId=4a84619ec9847cb790819""], ""restaurant_name"": ""Moctezuma's Mexican Restaurant""}",2026-06-15 04:26:30.151811+00:00
0892d95b-7244-4044-bdf7-1afc6a42bd12,9076dcb8-7156-58b2-8599-ea4f092072a3,Olive Garden Italian Restaurant,https://www.olivegarden.com/locations/wa/tulalip/tulalip/1867?cmpid=br:og_ag:ie_ch:loc_ca:OGGMB_sn:gmb_gt:tulalip-wa-1867_pl:locurl_rd:1709,https://www.olivegarden.com/locations/wa/tulalip/tulalip/1867?cmpid=br:og_ag:ie_ch:loc_ca:OGGMB_sn:gmb_gt:tulalip-wa-1867_pl:locurl_rd:1709,menu_not_found_or_not_parsed,2,"{""candidates"": [""https://www.olivegarden.com/menu"", ""https://www.olivegarden.com/menus"", ""https://www.olivegarden.com/food-menu"", ""https://www.olivegarden.com/restaurant-menu"", ""https://www.olivegarden.com/order-online"", ""https://www.olivegarden.com/online-ordering"", ""https://www.olivegarden.com/takeout""], ""restaurant_name"": ""Olive Garden Italian Restaurant""}",2026-06-15 04:33:59.314141+00:00
0c66064f-0f28-4c11-9491-d2e2a2a511da,c17450a7-5f23-551c-8f97-9543ed60d1e9,Royal Biryani House,https://royalbiryanihouse.com/,https://royalbiryanihouse.com/,menu_not_found_or_not_parsed,2,"{""candidates"": [""https://royalbiryanihouse.com/menu"", ""https://royalbiryanihouse.com/menus"", ""https://royalbiryanihouse.com/food-menu"", ""https://royalbiryanihouse.com/restaurant-menu"", ""https://royalbiryanihouse.com/order-online"", ""https://royalbiryanihouse.com/online-ordering"", ""https://royalbiryanihouse.com/takeout""], ""restaurant_name"": ""Royal Biryani House""}",2026-06-15 04:35:14.739992+00:00
07dc86c1-6e90-4329-b16f-33e771a0ef80,78d85c21-d9c6-577f-82e1-a804cffbd5f2,Olive Garden Italian Restaurant,https://www.olivegarden.com/locations/wa/olympia/olympia/1448?cmpid=br:og_ag:ie_ch:loc_ca:OGGMB_sn:gmb_gt:olympia-wa-1448_pl:locurl_rd:1333,https://www.olivegarden.com/locations/wa/olympia/olympia/1448?cmpid=br:og_ag:ie_ch:loc_ca:OGGMB_sn:gmb_gt:olympia-wa-1448_pl:locurl_rd:1333,menu_not_found_or_not_parsed,2,"{""candidates"": [""https://www.olivegarden.com/menu"", ""https://www.olivegarden.com/menus"", ""https://www.olivegarden.com/food-menu"", ""https://www.olivegarden.com/restaurant-menu"", ""https://www.olivegarden.com/order-online"", ""https://www.olivegarden.com/online-ordering"", ""https://www.olivegarden.com/takeout""], ""restaurant_name"": ""Olive Garden Italian Restaurant""}",2026-06-15 04:41:49.784614+00:00
a2141e37-3f34-4e75-8ca6-8ed0ecd5d563,871dbaa1-22b1-5f5d-95a3-d8b9b838fb51,Dosa House,https://dosa-housebellevue.square.site/?location_id=L3TGEFXVKTW7T&fulfillment=PICKUP,https://dosa-housebellevue.square.site/?location_id=L3TGEFXVKTW7T&fulfillment=PICKUP,menu_not_found_or_not_parsed,2,"{""candidates"": [""https://dosa-housebellevue.square.site/menu"", ""https://dosa-housebellevue.square.site/menus"", ""https://dosa-housebellevue.square.site/food-menu"", ""https://dosa-housebellevue.square.site/restaurant-menu"", ""https://dosa-housebellevue.square.site/order-online"", ""https://dosa-housebellevue.square.site/online-ordering"", ""https://dosa-housebellevue.square.site/takeout""], ""restaurant_name"": ""Dosa House""}",2026-06-15 04:43:17.137731+00:00
bf9a7d5e-4eec-4c56-8211-25dc5912d081,dda5f482-2d5b-5d7f-8ced-3c075a68b2c2,Fogón Cocina Mexicana,https://www.fogonseattle.com/,https://www.fogonseattle.com/,menu_not_found_or_not_parsed,2,"{""candidates"": [""https://www.fogonseattle.com/menu"", ""https://www.fogonseattle.com/menus"", ""https://www.fogonseattle.com/food-menu"", ""https://www.fogonseattle.com/restaurant-menu"", ""https://www.fogonseattle.com/order-online"", ""https://www.fogonseattle.com/online-ordering"", ""https://www.fogonseattle.com/takeout""], ""restaurant_name"": ""Fogón Cocina Mexicana""}",2026-06-15 04:44:30.432812+00:00
791a64f9-0285-4d58-94c9-385803450683,98e8f020-724a-541d-9c0d-e284de03368b,ROCCO'S,http://www.roccosseattle.com/,http://www.roccosseattle.com/,menu_not_found_or_not_parsed,2,"{""candidates"": [""http://www.roccosseattle.com/menu"", ""http://www.roccosseattle.com/menus"", ""http://www.roccosseattle.com/food-menu"", ""http://www.roccosseattle.com/restaurant-menu"", ""http://www.roccosseattle.com/order-online"", ""http://www.roccosseattle.com/online-ordering"", ""http://www.roccosseattle.com/takeout""], ""restaurant_name"": ""ROCCO'S""}",2026-06-15 04:45:47.894777+00:00
c4d20bd3-c3c1-4dab-a7a2-4f1321444559,a75f2739-16ca-50ab-bb7e-bcab1b7b6884,Dave's Hot Chicken,https://restaurants.daveshotchicken.com/wa/seattle/spicy-chicken-sandwich-on-east-pike-street/?utm_campaign=google_maps&utm_medium=organic&utm_source=google&utm_content=website&utm_keyword=1205,https://restaurants.daveshotchicken.com/wa/seattle/spicy-chicken-sandwich-on-east-pike-street/?utm_campaign=google_maps&utm_medium=organic&utm_source=google&utm_content=website&utm_keyword=1205,menu_not_found_or_not_parsed,2,"{""candidates"": [""https://restaurants.daveshotchicken.com/menu"", ""https://restaurants.daveshotchicken.com/menus"", ""https://restaurants.daveshotchicken.com/food-menu"", ""https://restaurants.daveshotchicken.com/restaurant-menu"", ""https://restaurants.daveshotchicken.com/order-online"", ""https://restaurants.daveshotchicken.com/online-ordering"", ""https://restaurants.daveshotchicken.com/takeout""], ""restaurant_name"": ""Dave's Hot Chicken""}",2026-06-15 04:56:21.640032+00:00
c91e84dc-b24b-47f6-b279-4b0c6b958ec7,753c301f-2745-525d-8def-eb3669240cb4,Cactus South Lake Union,https://www.cactusrestaurants.com/menus,https://www.cactusrestaurants.com/menus,menu_not_found_or_not_parsed,2,"{""candidates"": [""https://www.cactusrestaurants.com/menus"", ""https://www.cactusrestaurants.com/menu"", ""https://www.cactusrestaurants.com/food-menu"", ""https://www.cactusrestaurants.com/restaurant-menu"", ""https://www.cactusrestaurants.com/order-online"", ""https://www.cactusrestaurants.com/online-ordering"", ""https://www.cactusrestaurants.com/takeout""], ""restaurant_name"": ""Cactus South Lake Union""}",2026-06-15 04:58:09.288420+00:00
3de61d59-cd28-43e4-a01c-7b9219602f49,593bbac1-a9e0-5518-8f80-b05ff53e0031,Crockett's Public House,http://www.crockettspublichouse.com/,http://www.crockettspublichouse.com/,menu_not_found_or_not_parsed,2,"{""candidates"": [""https://www.crockettspublichouse.com/bonney-lake/menu/menu-full-bl.pdf"", ""https://www.crockettspublichouse.com/bonney-lake/menu/menu-full-bl-desserts.pdf"", ""https://www.crockettspublichouse.com/maple-valley/menu/menu-full-mv-breakfast.pdf"", ""https://www.crockettspublichouse.com/maple-valley/menu/menu-full-mv.pdf"", ""https://www.crockettspublichouse.com/maple-valley/menu/menu-full-mv-desserts.pdf"", ""https://www.crockettspublichouse.com/maple-valley/menu/menu-full-mv-happy-hour.pdf"", ""https://www.crockettspublichouse.com/puyallup/menu/menu-full-puy-breakfast.pdf"", ""https://www.crockettspublichouse.com/puyallup/menu/menu-full-puy.pdf""], ""restaurant_name"": ""Crockett's Public House""}",2026-06-15 04:58:30.002477+00:00
